Actual Glucose,Predicted Glucose
132.1,133.37950543980764
92.1,92.09730695680774
86.3,86.36678689757291
147.2,146.94464068265603
125.8,125.1062748623868
130.8,130.5504192433646
111.0,110.9996312612694
86.1,85.79040885460975
95.3,95.0783900851294
177.0,177.31044083549688
85.9,87.0648667792611
98.9,99.04406189254298
95.6,94.79207131363867
122.2,122.97688546828175
85.8,85.95402234413777
94.5,94.93750367269354
86.3,87.1013203590052
97.6,98.24909447294895
95.6,95.5048523946225
90.3,90.17331312906737
89.7,90.39285880284227
88.7,88.7152465680465
138.4,139.78512329588423
152.0,152.08912306094754
169.1,168.46981031558786
137.5,138.0129934986646
133.1,133.61572137904622
112.2,111.7076416948537
134.0,134.37751435110218
146.0,145.26104402212852
110.1,110.18110928115291
93.8,93.9220626820431
93.4,92.88370572284262
88.6,88.5119254253934
88.3,86.63907153924907
137.9,138.04467749126866
120.4,120.83321556069748
161.4,160.09625859069007
148.4,149.33447951131026
86.1,86.02249711356438
74.2,74.04465762173515
127.4,128.55404903738787
131.6,132.2584503235448
111.9,112.68069175204006
83.7,83.72263974900784
129.2,129.521773461651
94.4,93.91182901839507
106.7,106.18742872924615
130.2,132.3815412030397
111.7,111.56773746650536
175.2,175.02186245956585
103.4,104.11217808324054
84.0,84.21972117636832
111.1,111.22597950909774
130.5,130.22916170472013
133.0,133.09174667695697
107.8,107.30943081666395
112.2,112.16622950252459
86.7,86.39415753877302
106.1,107.60664346397913
79.9,79.35768099858205
76.3,75.88291377959715
86.9,86.86446528125164
84.9,85.37950410598715
70.4,70.9611149044688
126.8,123.97270212548766
135.1,135.00459014074218
104.2,105.09096802114125
147.6,147.70795888791386
85.5,85.36518440125391
143.8,144.12325258719773
85.1,84.72774355309942
112.8,112.59413601582636
118.3,118.34794564624059
113.7,112.29068130000135
110.3,108.78258066675878
161.4,160.8674465754999
175.7,175.70233726902697
101.0,102.27206339469424
73.2,73.173014112256
140.5,141.25241273783473
127.2,126.59591368892464
123.1,125.13030644155246
164.7,164.17451976616454
77.9,77.15920923771446
88.9,89.3181572083221
146.6,146.1993169794273
90.1,90.46202575182201
105.2,105.44337239035642
108.8,108.77003925742828
128.4,128.490452009607
111.8,111.48734538351613
183.1,183.55571921921296
108.2,108.33466591147362
175.9,175.73260285598008
148.3,148.65540446980913
127.7,127.8054957144309
112.1,111.8049628423538
98.6,98.6700160908113
126.3,127.17340523831538
90.4,89.84988135696332
82.4,82.33211689847013
147.9,147.96051236064463
90.2,89.43796872230075
125.3,125.08020706763305
149.3,148.61751027735193
95.4,95.15863692543832
146.7,147.4708902078097
78.2,78.47005395838244
151.0,150.84706703024946
113.2,111.13500223778907
105.9,106.09247075556496
92.2,92.24896207709139
85.4,85.48622116923043
122.9,124.11679448186347
144.8,144.7091390130889
111.6,110.91566491992783
109.3,109.49504585463515
70.6,70.72427276400941
100.9,101.09469264686425
117.9,117.61135231672571
127.1,126.25122001300187
106.3,106.34164098198377
89.9,88.85120451672813
70.6,72.0121939215918
79.8,79.00476810118585
128.9,129.46532835252702
136.8,136.5379328069505
134.8,135.15686170540323
87.2,88.0386422242107
86.9,85.41672627015929
81.8,82.51819070141157
75.0,74.26864017608457
108.6,109.00203999452768
106.4,106.75865486470872
87.3,87.42874504055281
93.8,93.82046345104013
191.4,192.53963181067783
94.1,92.82290515279587
172.5,171.97382886713422
109.7,109.74043538453128
106.6,108.33382115227518
109.7,109.95793379276695
129.9,130.29343457914524
178.5,178.70745375271468
140.6,140.56237695655008
110.1,110.16696675359239
152.0,151.15251739752463
146.8,147.14535194615314
126.0,126.41367945274355
92.6,92.44110289152755
105.2,105.31306750481167
73.8,73.00094625797436
122.8,121.28700440593549
72.5,73.05729850691074
72.6,73.25911030085643
176.8,176.45900808917224
78.1,78.40615932241786
108.3,108.98136115380358
105.2,104.22190820058454
83.9,83.60748076553274
82.8,82.61293562250992
93.4,92.54505432401817
107.1,106.75614631766209
151.8,152.02441651897664
148.9,148.9525507909155
111.8,111.84592082259782
83.1,83.35748052251047
127.7,128.05972281985376
86.5,86.79377712191162
115.7,116.47652166463959
83.7,83.74160079642398
187.0,186.95222224981705
116.7,116.5151729871464
125.3,125.75547892872513
80.6,81.62774845630032
150.9,149.93066197015023
144.5,144.88415774069534
144.5,144.1039401647174
134.4,134.09489913560796
138.8,139.08444376336007
110.6,111.48258932149596
70.2,70.23129266432596
91.2,89.04284299721222
92.2,91.47300559852872
92.8,91.68947820943913
71.6,71.55449805996712
94.9,94.41177267883266
182.5,182.2175131889876
88.7,88.89227463722695
118.9,119.3587379214784
112.4,112.54672696172172
126.4,126.94118945643096
108.1,108.58937147059932
108.6,108.45883285701744
120.4,120.3133637726481
76.4,75.7484639918173
118.3,118.3219823468446
97.3,96.61328564323745
96.1,96.37227171417834
105.6,106.40278231350898
82.9,83.2005257471308
149.0,148.2560043223207
107.2,106.97984017357493
133.5,133.43564824436226
70.6,70.32754996154313
77.4,77.4400970782784
157.8,158.12875953911487
170.5,170.64270346136334
72.5,71.66538763437126
94.8,93.61692752381202
145.8,146.57028308020952
79.1,78.71594961102193
135.1,135.6888899108621
88.0,87.04915655763867
83.8,84.02159544648326
192.1,192.05966525678792
113.6,113.17581683148366
91.6,91.35706875850666
95.0,94.68471132960802
130.7,129.9700894390307
100.7,101.88506077190394
110.4,110.02021044493489
114.2,114.51389246848923
91.6,92.54897157354377
92.1,91.51558712558793
89.3,89.29532539452664
98.9,99.14884433364057
125.4,126.53706735289468
103.8,104.39086678280518
143.0,142.51117341175797
86.4,86.7477200052236
118.7,118.61652937230005
99.1,99.03659164823608
133.1,133.4127795307444
129.8,129.86349307425428
107.7,108.88629038087409
122.5,122.96050429010843
144.0,142.89249782776142
124.8,122.7166388314513
120.7,121.09663289611684
118.0,117.95395313185885
99.6,98.81665174346955
88.3,87.6697515470797
148.8,148.4532143501338
131.0,131.81166731111682
113.3,112.59705183971984
74.1,73.55679970622671
72.6,72.98552191010592
71.6,71.44816590430295
108.3,108.89405045163939
129.9,130.14961737485748
112.6,112.14005413994227
84.2,84.21813538206298
146.0,146.0293596588353
120.7,120.53748805414754
81.8,80.90442128346746
73.3,73.71875431116807
86.3,85.60117312705715
94.3,94.48077072254897
97.2,97.31793861449954
117.8,117.50202728235564
88.4,88.63334569689772
130.0,130.58690958538816
191.8,192.0325514061264
148.7,147.67847092337524
152.3,150.93278845364364
100.6,100.42701348406608
89.8,89.49771604463105
95.4,94.846458252305
146.3,146.18685743776558
154.1,152.63513069857842
96.0,95.31824601809613
119.0,119.73082645909443
78.2,77.9180703276109
106.5,106.57453550577156
76.0,76.43223948374819
136.6,135.99111460195294
117.7,117.64107780043827
91.9,91.15266205225697
178.1,178.35813314296445
70.0,72.02744453473355
86.3,87.53947246950909
89.2,89.03027117532272
102.6,102.81412557286296
85.5,85.52444084426058
88.2,87.04463418034607
185.4,184.6675028009572
100.7,99.73578511178599
92.0,92.57904520592332
144.8,145.3293446475656
75.5,75.6978648815974
103.0,104.31964218677662
82.7,83.26772284398962
71.1,70.33785117553478
96.8,97.3570662476785
92.2,91.89953302667746
98.6,98.52611241935459
85.0,85.07545840211806
130.6,130.2788572173188
111.3,111.96070800832976
92.7,92.72272494180484
84.5,84.83162529760125
120.8,121.50497848721564
113.3,113.54805389727112
70.0,69.97548212745366
115.7,115.52459901625024
161.4,160.51025797159548
142.9,142.84454117155767
91.4,91.24149009106536
165.5,165.29241121978148
104.9,106.30675588866372
98.5,97.41748959622811
102.2,102.19373102732277
101.4,99.90947451807597
96.8,96.18435901718053
75.9,75.90203111565916
144.8,144.29530126891578
101.3,101.31128729953257
82.6,82.55544536361454
148.4,147.67455478157515
96.5,96.1123691327005
142.0,141.8698347471373
101.4,101.23055773579172
93.2,92.37119786399938
77.7,78.03455146433032
78.9,78.40567306630925
111.3,111.48767285243068
124.9,125.40431923709002
107.8,108.10645760410824
102.2,102.21489472847313
145.7,145.33848151172168
113.3,113.65918307441015
93.8,93.04676319432117
76.0,76.19536202702488
102.2,102.2228796082368
85.4,85.88611490756962
73.2,74.03355449749887
148.5,148.3803527603826
77.2,76.97346689675256
183.4,183.23868208327002
78.5,79.16269893499046
129.3,130.45875182021825
142.8,142.51013813866714
128.1,130.39885787807364
77.8,77.59006320801052
97.5,96.91460067501546
79.6,80.750543231209
116.3,115.99126212483661
148.5,147.39180888064365
114.8,114.22200946589203
127.5,127.62545504518371
112.7,112.86593261203478
116.4,116.46891373650524
181.4,182.91620477507337
115.5,116.10383756809048
131.6,131.59341592410001
78.4,78.5647555173789
112.4,113.26641802846926
86.9,87.04313892116205
112.2,111.83928305341077
73.6,73.5592690436896
110.5,110.55843435388279
187.8,187.1083634134028
109.3,110.02352790256913
71.0,70.63649481808466
94.5,93.33150302654927
89.3,87.00756198885972
127.2,129.4983908249471
88.8,88.50457350660803
95.4,95.44049922392237
88.9,89.40194813908002
114.6,114.76244945663916
89.7,90.06357830833227
114.1,113.8923671877402
85.6,84.92463050380869
128.5,128.2715551892216
93.1,92.87229169211109
126.9,126.41932709039924
197.1,196.25541632789225
131.5,131.29144024950884
138.9,138.82401882317495
130.9,130.65334136179172
108.1,107.36533900811841
83.8,83.80740373449441
118.6,119.02259734843628
178.2,178.2302284325089
108.9,109.23803283058515
140.9,140.78480614415247
112.2,112.99951733300422
131.8,131.96499576507222
84.2,83.96965337904273
151.0,150.62445685228602
88.5,88.3663963663664
87.2,86.28455446799421
76.7,76.18264510108801
159.2,159.66691661184228
130.4,131.06541533307114
172.5,172.1016410859719
191.7,191.91021844064676
75.7,75.00156557411194
137.0,136.77790643289592
147.1,147.30020832536655
70.0,70.19788780019746
78.7,78.95991987653164
162.5,162.62813349884635
82.5,82.77641857083958
75.0,74.4390949498421
76.5,75.21365746045416
133.0,134.64007297125133
108.6,108.68097989802612
105.5,105.5287022737979
175.0,174.3368835892943
105.6,104.89448561733725
96.6,96.0043723651109
82.1,82.16697763028664
98.5,99.00871401659988
75.3,76.11817508570496
80.7,79.1143873371686
86.7,87.21838759726926
107.3,106.90263576801067
84.3,83.97860139844039
72.3,71.40293586444253
152.5,152.18251653106776
73.9,74.05339159622022
109.5,109.10593092735681
119.4,118.69982823526037
177.1,177.57913040843647
140.7,140.80458556838005
112.4,112.20344917566935
76.6,76.294532588232
81.9,81.16363033637396
77.2,78.43392800699299
130.1,129.31077715822954
120.7,120.89877521521137
126.8,126.77940565069636
95.5,95.4094880880249
78.3,78.87829620194137
84.5,83.50303630444054
90.9,91.33236645303025
71.2,71.06686223847117
124.0,121.96114808478791
108.0,108.06637525952564
111.0,110.43491041018466
83.4,83.73426289538894
142.6,141.77443363921742
133.9,133.71622231074676
93.7,92.10103131971755
86.7,86.54381798699828
87.1,86.29130919577868
96.0,95.34195910280604
90.1,89.79068571826433
83.2,83.2772855164782
119.5,119.12403561305295
109.3,107.70816240605102
108.5,109.02011156302382
116.2,116.43068517824291
81.1,80.81908701216119
85.6,85.63495629932866
85.2,85.7434566703631
85.3,85.13462269775023
77.1,77.23805949263866
94.2,93.95912205403094
88.9,88.99674259068784
168.3,167.40868905788562
108.3,108.82132275632729
115.7,116.41225896679589
178.4,177.22327430580532
116.4,117.29218996652574
82.2,83.0248571507973
72.7,72.56418174746972
148.4,147.79864717987388
113.6,113.75537004276693
116.5,116.77242984305619
82.1,81.22968736077156
118.8,118.55506712878027
75.8,74.85964572189343
119.2,118.5671611321311
92.2,91.68034073557806
102.4,100.99662465953328
94.8,94.63046404012118
177.4,177.17037073708985
134.1,133.67998617401602
80.8,80.07237329916818
132.6,132.53691538876868
100.4,99.54052219251366
128.8,129.95637231761134
147.3,148.6545403337737
89.3,89.42232681002926
116.5,115.99758679052294
110.1,108.58107361323403
110.0,109.4483534326565
95.4,96.7045880078086
96.7,96.28916456995326
81.0,80.79340858751411
87.8,86.98173887414657
98.9,98.75256734633429
108.1,108.01263844120167
77.8,78.77324767115445
104.5,105.55967720541884
120.3,120.26717645850732
175.4,175.5927049686414
78.4,79.28886395487518
100.6,99.48550204895578
80.4,80.5295270226771
78.8,79.45057537285575
95.1,95.27101914485263
157.5,157.78297094282283
85.5,85.36223608044162
109.9,110.24885311639507
70.3,70.65029486722456
156.0,156.50277494315537
78.4,78.27552277072238
95.0,95.8430129287958
85.3,85.63999440589741
181.3,182.0900567898031
174.1,174.36115417817354
103.0,103.03384325877933
113.8,113.79309494358361
78.7,77.91169727560643
72.0,70.82738299328321
115.7,115.83468074906483
130.6,130.98480555044807
147.6,146.39615456338475
84.8,84.5343777044121
129.8,130.6587805782689
157.8,157.8125591735989
104.3,104.15358602078459
146.8,147.7912460148051
127.4,127.2328780924059
91.4,90.84148712979557
87.8,87.39297920172676
183.0,182.64957519021948
112.1,111.8873185040986
127.1,126.48142313124877
108.6,108.31829441143641
172.5,172.0463438837229
99.2,99.16753089044678
94.2,94.6751565278889
161.1,161.1492665522933
179.1,178.7605778590323
128.2,128.3939938924779
183.2,182.7256604200433
92.6,93.18096296210652
111.5,112.19264223101261
135.8,136.45905769339737
179.6,180.34939777516252
89.5,89.58883976393804
167.1,167.08003892694816
108.7,108.23029980118507
183.2,182.72072987497856
121.9,121.98826722229991
97.5,96.6747354463297
85.4,85.16935429008461
94.5,94.37526810443974
79.9,80.45889632181917
143.2,140.45745791284915
106.8,106.79708120501371
99.4,99.36260272813128
129.6,129.1999299590276
77.7,77.87769819414538
105.2,104.20433522633135
70.8,70.37290652141976
75.9,74.88470550105859
81.1,80.9516677612231
80.0,79.69206235472532
84.2,83.40732988973545
132.0,131.45481690377056
104.6,103.47684739699012
128.8,129.4007286977086
136.6,136.31239561564632
80.2,80.97673078456351
75.0,75.37948140775822
89.9,89.72033316897337
90.7,90.1435385234546
118.0,118.53015218116293
75.5,75.58094701292691
190.3,191.06235777828243
110.9,111.23215690470408
80.5,79.70425452478595
133.3,134.26511200704402
71.4,70.93468795542647
103.9,103.43308598713998
192.3,191.870408364758
77.4,76.4552239579105
143.3,143.4630069876049
131.6,131.47877100886186
147.1,148.59420381489568
130.5,131.10891108947155
76.7,76.46184780250184
120.8,120.1157820623277
90.4,89.76507837374449
114.8,114.24904239270404
77.1,76.84617797337604
107.6,107.09334900532824
93.5,93.67223655286097
95.7,94.90270742899409
114.9,114.69387841347798
118.5,119.06092273236494
144.3,144.0433367210915
80.6,81.59427875817312
106.5,106.34282858300656
183.4,184.18825928188187
95.2,95.40204416144574
113.1,112.24500650862902
118.5,118.35334639794966
113.9,113.84506252414914
145.5,145.2096423453484
104.4,104.89696296132571
115.7,115.71011981796136
89.4,89.81998109182388
183.9,184.75632265051237
109.6,109.3989364757929
110.7,110.07653047795769
125.0,124.25867406076458
84.9,84.85945680085305
89.0,89.02240467892308
105.2,105.3888103044505
73.8,73.63089461329855
153.2,152.83833060462626
116.0,114.99007553816108
171.5,172.04510427079757
91.2,90.37804031274698
83.3,82.32236094074901
119.3,119.13494614590572
80.5,80.38912885387255
149.6,149.2808125147654
86.7,86.3617588574341
155.2,155.44314913061388
128.2,128.4857931142579
118.1,118.03487501746974
103.8,103.13655518193916
83.6,83.96693876386396
113.5,114.29218286655991
165.9,165.38498968874399
70.3,70.13969957314232
101.1,100.79858882127526
98.4,97.67205177256935
132.4,133.25545411830126
119.1,118.49283209231558
106.1,106.5776248240052
107.4,106.36043652925257
90.6,91.01085768061773
112.8,113.04719631490856
89.4,88.22335509294243
103.5,103.65546209149821
92.6,93.40040930033068
127.8,127.76560458540932
130.1,130.6008213499373
90.2,90.27971452303404
94.1,94.37694500910685
121.1,120.6482958222894
119.4,119.57869731513165
152.6,152.47429674869664
129.4,129.34500243059796
75.9,77.86853890635624
84.6,84.76936451273698
71.7,70.95835796732116
76.7,76.30130584713874
170.7,170.06857337869903
159.3,159.26970985314784
121.4,122.3674042580345
146.0,146.33181233782773
148.1,148.44906551658516
86.2,84.83916263309924
90.6,91.53317071244737
165.2,165.1018925222134
160.5,160.62764362627854
143.7,143.8084419886666
80.8,81.04230597755911
112.8,111.48637954228272
162.1,161.5265380405709
107.1,108.68742626510132
72.9,73.5313865132444
108.1,107.94037228395815
180.6,180.85819279535764
95.0,93.99860217883872
92.1,93.42867945890507
128.3,128.66258804171284
95.4,95.92216023543989
152.0,152.00235143853013
151.0,151.00118469447239
98.9,98.98176706939148
82.6,82.6658781721111
156.1,156.28664651359443
109.1,109.64291789426315
129.5,129.11294685567498
83.4,84.23070384087825
104.6,104.40217145575097
100.7,101.24407084977383
85.8,85.08419303310505
176.0,175.3294250264989
100.0,100.4515839532481
103.7,104.46456685723062
112.4,112.54936081948468
108.1,108.15733066685975
73.5,73.1313135280623
97.9,97.5700753618812
88.9,88.82379753363468
116.9,116.69091787827413
91.0,90.36018367985751
82.9,82.53170344087943
117.9,118.08835320665169
130.3,130.00293176435514
103.4,103.98737144995187
95.3,95.69581885781358
88.7,88.85103056263496
130.1,130.01017632101886
123.3,122.46145128089685
78.5,78.7071327949475
128.3,129.02422496505366
72.7,72.76189078293592
82.3,81.82653284494826
102.7,102.20741997356895
97.8,97.88339857953342
86.3,85.06842773319019
85.0,85.13533666018472
117.5,116.90067489315953
107.8,109.01497845594332
92.1,91.59546305759339
116.7,116.7889491332778
87.0,87.55007021175828
113.1,113.30859321066546
89.9,89.52315729091555
119.1,119.37203194111437
95.5,95.40725665398713
91.4,92.80089189562725
70.6,71.32045044481428
129.3,129.01497482003782
110.2,109.99936754664623
93.6,93.61561030393216
92.0,91.45082527544217
130.6,130.7916114063625
127.5,127.3064280116322
130.1,130.6034482324579
131.5,131.2111547706448
114.1,114.66238251866092
93.6,93.09967490740351
142.1,141.91363439618007
71.3,70.5938475160612
117.9,118.19177889770548
77.9,77.91956051506429
152.3,152.06520977612445
120.6,120.78008179957865
112.2,113.37062886515056
79.7,80.02072548596955
177.5,177.05203056514688
175.7,175.47870873050573
89.3,89.15673572343141
109.9,113.02605725977436
151.6,151.20650745588625
149.3,149.45775506573912
126.5,124.84455653133148
77.0,76.7310682912294
77.8,77.98718686592001
106.0,105.60490017104998
81.8,81.99293226134431
110.4,109.90005079250939
126.4,126.43509820978761
110.2,111.13706194358257
108.9,109.34699586196902
121.6,123.12329757193163
108.3,109.18721682631713
70.0,70.04631637501916
84.0,83.74908399503884
102.6,103.73516235606503
112.5,112.7107598807142
159.5,160.16208479469967
138.9,139.08310040589433
93.1,93.22420324199328
179.9,179.25461942530836
183.0,183.74758685013103
145.2,145.2185636434758
87.7,87.09845933633403
95.1,96.21227776135332
77.7,77.52933349772198
95.0,95.17487874764933
130.7,130.0673914974634
180.6,180.6545976481896
88.2,88.04606808925666
87.2,87.4172973655761
125.9,125.53877618436248
147.1,146.77218648334767
130.1,130.90359150570765
134.4,134.08465617265105
94.2,94.81048662204486
178.5,178.6292737830634
84.2,85.37074350468012
72.8,73.36183231198302
92.1,92.62810154520487
182.6,182.95219887415328
87.5,87.67817163632263
124.7,123.51091434480755
88.1,87.98059359018724
118.0,118.4499834907367
107.3,108.90683512255094
94.8,94.32687978880878
125.2,124.60567366285827
184.9,185.28072601121272
72.6,71.4409638562573
114.5,113.39533715842383
136.8,136.46659981049103
108.6,110.39713644139111
160.9,160.46118537190418
125.0,123.96293194999421
112.7,112.44161437857149
91.8,90.82235191150022
135.1,135.17288091648527
96.9,96.58771344292838
185.0,185.5202062426963
78.1,78.17714674249218
84.3,84.74335174432592
151.8,151.9035464215361
81.8,81.72919730068531
133.2,133.56781067998952
131.5,131.3972065641093
103.8,105.34219917591882
149.0,149.25959250358878
91.3,91.89212068620404
107.9,107.4852365642999
83.4,83.06566274415022
84.6,84.10567396902218
81.5,81.60164779973081
84.3,83.8924687384468
81.7,81.62495285777919
152.1,151.988515183848
110.0,108.95493283571645
141.2,140.83308864857878
110.4,109.64612490607033
74.0,74.4836789877362
92.3,92.82212633586595
77.8,77.72677080947798
86.4,86.538271872488
119.9,119.33257877471199
85.7,85.61788836754043
128.5,127.64313791187458
74.0,73.89274311266547
165.1,165.50986093914267
140.4,140.3451902957289
144.5,144.203371205976
144.5,144.0893912853406
156.5,156.05177825321542
146.3,146.84385256214446
113.5,113.6659468451582
109.9,109.6811485277959
73.1,72.65343008377393
82.1,82.1236491398432
126.6,127.2948218393622
111.1,111.1806120499388
95.0,98.4321740235017
155.4,155.6025090217452
99.4,99.28106254565152
72.1,72.6490358595533
113.5,113.98623462577716
97.2,96.50977413308647
132.1,131.79397169301697
131.4,130.86350773503273
143.5,144.20384924248629
72.4,72.38327596981209
139.3,138.45922243025345
78.9,77.13255300961579
186.2,186.3712739571463
142.2,142.37192170954492
90.4,90.80478474551694
140.0,141.12749841249206
87.2,87.27538230047833
144.7,145.22348082064153
81.6,81.8765188174972
82.1,82.08220738952521
84.9,84.51878384300544
119.8,119.7420381882503
129.9,130.00675932317154
130.9,130.75500318336609
110.2,110.25215077400522
106.8,106.28272649001394
76.9,76.70491668759232
92.2,92.29515343092851
107.1,107.1934692150491
115.2,115.14035203789686
94.6,94.21509406994241
97.9,97.26890791084567
95.4,94.38958173971193
77.7,77.97208497591356
94.7,94.09549292458954
81.3,81.09716240740306
146.2,146.15041245885453
109.4,108.93269077303033
142.8,143.28665416723814
129.0,129.1947064022041
151.1,151.85782780229783
111.1,111.21629190606332
147.8,147.77995327795583
93.2,92.42451879938491
146.2,145.7782827155223
93.5,93.40338527738983
147.0,148.28125412415716
105.1,104.07043037831708
97.6,96.74961394456618
105.1,105.65355897762915
93.1,92.75927982972316
91.0,91.45471496972783
83.8,83.45025197278123
76.8,77.57528072183743
132.0,131.821711783623
91.8,90.78900523398174
100.0,98.91376537777204
155.9,155.02420747963163
152.2,152.14303692433054
118.1,117.77038848402684
89.4,89.15066480306615
120.7,121.62869037725146
94.2,94.14615017888138
144.9,145.3101113196138
87.4,87.83386053503071
78.6,77.52351277900253
78.9,78.6664814659463
129.0,126.64267061737311
135.3,134.4541457348158
110.3,109.73866740001054
98.3,98.2889450851034
146.0,146.43576944271055
88.1,88.02124358712508
117.0,116.88670913467739
99.2,98.83161787534934
134.6,134.55526137063677
114.9,115.14299047888991
126.9,127.11388680432644
128.8,128.94976150249371
141.5,141.74617043166074
71.1,70.5146339599359
116.0,115.47504720557883
178.2,178.24177352459884
166.2,165.5806106527179
74.1,73.8647930830446
93.8,93.47739892453829
92.2,92.99921269559724
108.6,108.23609229863939
79.1,79.22601488359663
109.3,108.95585227147005
105.1,104.57686224604294
176.0,176.33748849274474
93.2,92.8536302093431
175.5,174.37107769260413
89.7,89.40567608664185
183.5,185.0974691055436
140.9,141.4634313385691
76.8,76.50785906305688
80.4,80.3747690642318
84.2,84.80975906959965
106.3,106.60873625944362
180.6,180.10159337923068
115.2,114.48794224566397
75.6,75.66242565911313
111.1,110.08870116266449
171.4,171.461305242085
174.4,174.3963727303937
140.1,140.77703497899063
145.9,146.69916805364835
80.0,78.78546586148639
91.2,91.58826172708632
109.3,109.75881367695969
107.5,107.76896103668011
191.0,190.99948762790706
82.7,81.55942241565937
112.3,111.00148388096522
148.6,148.16724293756525
109.2,108.51077590303349
107.9,108.64073918819346
111.6,111.9847587604598
115.6,116.58427233987994
102.0,102.38532978365446
115.5,117.16746789303055
90.7,91.13848134039853
111.4,110.65197223037343
76.2,76.2920390293244
107.2,106.30587870909568
177.5,177.77764849758756
120.4,119.63541789628863
73.8,73.58798929069972
150.9,150.87457787583782
70.8,70.80627055025307
72.3,71.89114065259122
119.2,119.27926407622252
106.8,107.15941591122638
72.0,72.51961845823593
127.5,127.5265299454421
119.8,119.66578046440799
114.5,114.12066198412555
157.1,157.04574318598227
119.6,119.54088953931247
85.6,85.43755786464732
139.2,139.48299599577078
85.3,87.23844019352117
78.5,77.92145735030073
139.3,139.2053688016793
90.6,91.08904381030759
108.2,109.60709360323669
102.4,102.41863170724761
94.3,95.30394970146492
161.7,160.73659042248767
134.5,133.61089963971273
171.9,172.08002348354992
96.2,96.15717111976933
97.3,97.45569868606806
181.8,181.61801941565437
70.0,70.07791357505995
114.3,114.67460287683014
123.1,123.0706572084163
94.0,94.3601941738769
119.1,118.42633669762762
94.3,94.38235104728827
90.9,91.39279162922699
117.9,116.91068081090329
82.5,82.95275651953652
89.0,89.10456101821566
95.5,95.00122485216069
122.8,123.53579133422521
152.1,151.06535143609707
108.4,108.13357463874037
103.0,103.01671592565748
91.8,91.76929477266057
91.7,90.70845351006794
89.0,88.29611653250548
182.6,182.5561362653579
151.5,151.5926061065375
118.9,118.84773874867507
114.7,114.98445993036539
143.8,143.31441965217147
82.6,82.4322862235943
113.3,112.87266626311555
142.0,141.7571443304921
188.1,187.809526785409
78.3,79.73920877500052
150.6,150.25744027250818
84.2,83.85361283421854
177.2,177.1711452641641
112.6,113.11147280486348
93.4,91.13755539836721
107.6,107.59912430678389
110.9,110.53704374794158
88.3,87.82490744074535
115.0,113.98935708194121
108.3,108.58001175076376
147.7,147.20491071002556
109.7,109.8319493748705
78.3,78.7560940617808
134.5,133.33653409738824
187.9,188.70862176742816
115.7,114.9383969100087
84.8,86.6747413751796
185.2,185.3841377906001
102.7,102.35791697915552
141.6,141.3778813385201
84.7,84.87215632227534
116.8,116.41969593554235
132.2,131.81890503090926
112.3,112.02020305357878
108.0,106.93599616859467
83.7,83.30536901835302
105.0,105.22948539802938
142.7,142.2201567524024
173.8,172.83681205584952
109.4,108.01433631650362
79.2,80.34566064180413
76.5,76.5622372796594
151.1,150.8856730112663
96.6,96.3033002392217
110.1,109.5565745633807
126.9,127.47569023950669
109.5,109.73243286333508
120.0,120.01541027930872
86.4,85.76958372775927
85.3,86.06089052824625
147.4,148.15658849018226
75.7,76.42912713805936
108.7,107.04919627570955
111.4,111.4855042741937
90.2,90.21903456412844
184.6,184.61311283521985
116.3,116.19095218675828
70.1,70.08184381902518
143.1,143.97019142845153
151.3,151.93171079795076
113.4,112.97180914611434
85.8,85.61896533079653
75.1,75.36682598325132
85.1,83.31129553493773
85.1,85.6545004462127
149.8,150.1919335122517
74.5,73.75443212131073
92.8,93.28373584751913
133.4,132.8298731732319
73.7,73.27289106832936
91.6,91.67177476964983
122.2,123.03124016543497
109.2,109.1462741642552
167.1,167.33044943761166
160.7,158.4773757655189
116.9,116.63446475020375
127.3,127.8093648198219
84.6,85.13060163106096
83.2,82.91990709899488
86.9,87.15589747092868
111.4,110.56662743906642
81.6,82.56122728701453
114.4,114.29159972243173
128.7,128.53013596105052
86.3,85.66371272612237
108.3,108.10672447098575
126.4,126.9580755762337
87.8,88.50393711421081
127.5,127.04720221499672
130.4,129.92427580456746
83.7,84.55718463887604
98.8,98.60581144205726
91.1,89.9497147414568
87.1,87.94971194754224
114.2,114.00003306485367
78.3,77.5212077400623
131.4,130.20268130609963
94.4,93.73201040033432
78.3,79.30329964144417
110.6,109.23085326242843
80.2,79.23315558578942
163.6,163.24847832619062
117.3,118.14590050306822
72.0,70.8491353621982
98.7,98.97883575559396
92.5,93.08061389624909
93.8,93.70467542143776
106.2,107.17552068331774
115.1,115.75163476525704
113.3,113.33688570948891
132.7,132.99301758269257
135.8,136.05061212281336
101.3,102.16547607779935
78.6,78.53440248482804
98.7,98.13741095272229
77.2,76.6613515962776
77.4,77.63569247909658
117.6,117.90834298472222
73.6,72.88561558030794
159.4,160.09044201426568
89.7,89.93261370906308
75.2,73.68012379861312
147.9,147.49445124854975
179.1,179.8957019925345
87.0,87.4531611321446
136.0,135.2978642022155
150.1,149.6678399411634
116.9,116.69805841546368
109.7,108.67884817020052
86.1,85.7297231618109
100.7,101.03341266127813
124.6,124.99854998803467
82.3,82.76145632872777
97.9,98.42361305409186
110.7,110.92523042664295
106.9,105.74693689529222
114.5,114.7086308226395
87.8,88.25573008712023
110.9,111.28095311819483
128.2,129.4488121824714
107.2,107.28928685365861
178.5,179.0289946554021
145.2,144.97144732453495
85.9,85.43359995299406
142.0,142.1485436840583
80.5,80.6306299863383
97.7,97.51357937446079
104.1,104.45457723401
70.1,70.22574578269426
74.7,73.88851018405035
130.9,131.52062881345836
91.3,91.14252091976651
135.9,136.1472797917112
92.4,93.04758439492375
87.3,87.38377772132812
77.8,76.62314300188143
143.9,144.36479733935843
109.1,109.61732795780205
130.0,129.14301057622666
182.6,182.53843385127996
105.0,103.52837478841013
108.0,108.14692428551673
79.0,79.51938170436463
113.1,113.31237179741876
90.9,90.34644116508686
78.5,79.3076381472709
138.7,139.35400865729034
130.4,131.12936182954468
140.4,141.80166945055473
74.1,74.55334200589785
109.6,109.66934844544261
132.5,133.55324849977163
132.9,132.320474714077
156.1,156.8480264266036
110.9,110.90367753961159
146.3,147.11299909211192
88.6,90.32435099021937
73.9,73.78972117065217
136.4,136.07796978222092
120.2,120.87500754232285
94.5,94.9357273269907
112.9,113.62712187041343
72.2,71.72826405047955
105.4,105.32528563342846
106.8,106.94020691620769
125.7,125.15390003565197
103.1,102.69574342100162
131.1,131.7450453863584
120.7,119.89749167031059
125.4,125.49813774784937
145.3,146.67620203907524
184.5,184.23526660524664
89.2,89.71015421575888
112.4,112.78677141257316
108.3,108.01172938875098
72.3,73.30799311351683
88.5,87.18572150320195
109.9,109.64181485978092
85.6,85.86459999579108
92.7,92.69263461974724
128.9,129.45732953363884
111.2,111.06230483182318
86.8,87.01723490641982
109.3,108.68666146463377
138.8,137.82804183820926
112.3,112.47573707650243
73.2,72.58169822340662
146.5,146.39887099540692
73.0,74.00246225555529
96.6,96.55628887722497
92.9,92.18871175652396
110.1,110.25680609774359
84.5,84.4533239261433
123.0,123.34575620443132
86.7,87.56096801902373
115.6,114.95046850585675
92.9,91.9852904230351
134.8,135.72237813309337
91.2,91.72142856556077
131.4,131.13420011822865
114.5,114.03957398986628
87.8,87.64606948073957
82.7,81.5857187759323
75.5,75.82171213356432
108.6,108.2690741768432
125.8,125.01415653053546
88.9,88.31805573949043
146.7,146.53945060704316
132.3,131.76969663663473
147.1,147.44018953731725
147.4,148.3500557217289
70.6,71.44058661462813
95.9,95.71313215617411
103.7,103.45792242730501
108.5,108.33800614660299
129.1,128.94362704875527
180.2,180.1805798091056
71.2,71.86851625152539
165.4,164.82179886911484
132.4,132.04356090208768
70.4,70.4153497643668
83.5,82.95143172017613
99.4,99.75604660187288
75.2,74.9113970738267
119.8,119.50015772225996
81.5,81.54578651145984
101.1,100.64911518156279
130.7,130.77477599838213
135.4,135.39312582059912
113.3,112.34895816505605
155.3,155.65781583160074
88.4,88.21763126889607
118.7,118.18091440968094
78.6,78.26526073293883
143.8,143.78631024993166
132.4,131.9737710948172
82.9,82.32457949228393
78.4,78.67419551764127
81.1,79.13853184217163
135.5,134.45465835712648
98.5,99.62931607985125
70.9,72.13174419195488
106.5,106.42095891087455
117.9,118.20998124928659
135.6,134.98511777725915
110.8,110.7951366477791
74.5,74.50837585807179
109.9,110.00938439047009
84.4,84.47986571503552
84.5,84.40522217381015
110.5,110.32294477478928
158.1,157.30717595183322
143.0,142.97938007336845
107.0,106.87230096041745
116.0,115.53093157383263
150.4,148.65120297157313
148.5,149.00638868390897
111.8,111.35934340996343
159.5,160.4183465520839
122.7,122.86095347933913
95.5,95.3184912717265
87.1,87.08874756054004
83.6,82.80920391068085
84.4,84.46279444876106
112.8,112.76802939475155
94.2,92.83278334235203
90.1,90.10460238257299
132.8,132.15622625819344
107.7,107.47548725191871
123.7,123.55752432268787
93.6,93.95981330507716
85.8,85.36685567354974
129.2,128.89674778692518
84.3,84.23997310589739
121.7,120.87029589175592
104.1,104.50261388619155
128.8,128.71734725123912
71.0,71.43005139699008
92.8,91.79636579514305
89.7,90.29250271189773
87.6,87.4059123174279
140.7,140.60636884260387
121.1,120.07214985282769
74.8,75.03014208810049
107.1,106.34983609368545
85.9,85.43478854638084
134.6,133.80130987354036
176.4,176.83632947083987
78.1,77.84592136380246
120.2,120.36467177209177
104.5,104.80234744919109
160.9,160.62643246099077
135.9,135.9600196233186
101.0,112.75132896435002
147.6,148.4109974667565
79.5,79.46139520514072
78.1,78.06604298794929
89.4,89.49585576705151
149.7,149.7478832173836
170.4,169.8754135666062
103.3,103.18430505617599
79.2,79.36071119953553
111.9,111.2314943797338
109.2,109.25085559856542
123.3,123.81667618469871
130.6,130.8145448946589
110.9,110.4466272618619
124.1,123.96967523048778
95.3,95.57171995068359
78.6,78.72734454817058
114.7,115.20970761956968
128.3,128.49373937376416
78.1,77.58872702340068
150.5,150.6719127319213
162.0,162.77648234147205
77.4,77.10899007986333
112.4,112.84392209706016
73.7,72.67610899887792
115.3,114.70045896437979
86.9,87.33959632054906
88.3,88.01223911546684
86.5,86.90672986198318
110.2,108.4405897919802
112.6,112.26513047083
145.3,145.76244804543563
146.4,146.4430702959537
130.5,130.72864716136792
100.4,99.18623269432005
160.7,160.50915190583063
192.1,192.0832243739789
96.5,96.98725935412345
156.6,156.93752436706575
117.3,117.4900556852166
143.5,142.83754447286518
97.8,98.03519111163058
77.8,78.02499655892532
82.6,82.45747084687142
97.2,97.581375118305
85.1,83.62972904153558
70.1,70.33565856869743
87.8,87.3423499036763
78.0,78.31636507064164
92.1,91.6843089887762
107.1,107.04848754775757
110.5,110.55783077904705
139.8,141.1110071329543
184.7,185.06258419503445
84.3,84.3498499901156
76.4,75.49903335744153
102.7,102.95976678576012
103.5,103.84437482258178
81.8,82.08009498057862
114.1,114.74452585330134
109.5,108.96699137464748
135.9,135.1263123822216
139.5,139.57103208589365
134.1,133.7208493391039
152.1,151.54204419511615
145.3,145.56142805488062
127.5,126.58447415644149
106.8,107.15483418268592
107.2,106.86979757981412
77.4,77.01552622006665
88.3,88.87454353095558
85.6,85.63382361828327
83.3,83.70267090868867
137.5,137.39087978789388
125.9,126.21451816338089
76.5,76.48273773472175
120.5,120.15434226531542
82.2,81.83645440750614
103.9,104.33132126731486
142.9,143.14333411328232
165.2,166.31892059167123
157.3,156.7949516180658
108.4,109.43542457569583
80.0,79.90026329341117
83.9,83.64786678153783
88.1,87.64704796258835
87.3,87.64382878952144
110.3,110.06270454907987
112.3,112.85764807153508
128.6,128.8043586708584
111.2,111.02329407585762
90.0,89.76236211586766
108.4,108.96224646086053
88.6,90.22161711191703
85.9,85.04600484754408
74.2,73.07881763305261
165.4,165.4763564295979
108.8,108.27809978023477
117.0,116.91332923905604
119.2,118.10340276910804
88.2,86.90463148393997
124.7,126.73270976667685
103.7,103.71283287614239
72.3,73.36908958824618
150.0,150.61402343752886
71.7,72.59540065602457
72.1,71.57179746441832
147.4,147.06055595977378
73.8,73.46531735146215
109.2,109.45870365827561
111.9,112.25647440250157
179.7,179.52258116466197
146.7,146.1624522442281
132.1,131.75733485546525
122.5,121.53423913698481
85.4,85.75558039570804
99.1,98.20911011148671
162.7,163.02378870044427
79.3,78.67020159429514
77.7,77.76359980250805
83.5,85.41878884468707
145.7,145.97501199335602
74.9,73.94476205350259
116.1,115.958252564322
78.1,77.87929886259082
97.4,97.21021826918418
106.2,107.31053681936746
75.3,75.47330256742087
172.5,171.93423596201993
108.0,107.8401427356774
125.9,125.74863490374618
160.0,158.5961102373856
91.5,91.79517503767471
76.9,76.72784037275085
81.3,82.16526714423361
145.1,145.9308980265137
90.1,90.22619210124309
131.1,130.89782107316034
126.2,126.98330494008556
87.7,88.13675799522854
109.6,109.85690708090632
81.4,81.52509855117214
103.1,102.61195667598021
77.5,77.61344223133548
130.2,130.07510058520552
109.4,110.18232662004516
72.0,72.28854165997063
108.4,108.5302601779392
70.6,70.55616394165409
104.9,104.67181708830748
86.1,86.44403064107456
81.6,80.6292105036428
116.2,116.70465801717833
75.0,75.53276058033916
129.0,128.81951984753942
108.0,107.31964424061455
167.9,167.54785380727145
75.3,75.16396947621804
84.6,84.61756775901196
77.6,78.34417788804802
102.5,102.31047889052658
106.0,105.51203128796075
131.1,130.94015216995774
130.5,129.88792811397386
117.9,118.61003966843774
100.4,99.32043328889827
81.7,81.14660108890429
163.5,162.36504196494272
104.5,104.09376643213515
112.7,112.35973563131643
92.8,94.26741424644982
87.5,87.55242556068696
112.4,112.76067807242909
147.8,147.720202491214
92.7,92.59746884445386
129.3,128.7707197267572
133.2,133.00571169707675
81.0,80.49821364934506
108.7,107.99764087886165
131.2,130.73426728351478
73.4,73.05829982699481
150.5,149.92464669648706
139.2,139.60639072252891
111.8,112.21869884209492
76.0,75.94990998626179
93.7,94.48432896994584
90.5,89.10932788480497
74.9,75.0085254296967
129.0,129.5904170036903
143.5,143.29378372455946
121.8,121.71397881426338
88.8,90.07271354925004
71.0,76.97351702164644
102.8,102.37771545749905
119.1,119.15585900125235
157.3,157.47481375488948
161.6,160.92422612116596
95.3,95.4533825640497
183.1,183.3739978853714
125.9,126.36943397059449
73.6,72.67585326971505
110.2,111.17254488982134
106.6,106.17007385523968
82.2,81.73082285035525
133.5,132.70077998042888
95.1,93.2680460614839
124.3,122.64346860658458
95.2,95.34024952773865
184.7,183.49507990794035
128.2,127.8535898327737
118.5,118.17753854025415
80.7,82.87273730737752
181.8,181.53089032409883
110.3,110.67043624919647
151.8,150.04333041821843
159.8,159.9642248783921
146.0,145.97667213721724
120.9,121.4850066533505
103.7,103.88128897404954
85.4,85.19397393769475
93.7,94.95378769476018
109.9,108.72323938681033
168.5,168.60888234276516
84.9,84.66872531832914
129.1,129.09671445170738
117.3,117.56344643126042
117.4,117.85567589951778
140.8,139.46800712824378
195.0,195.46065106733977
86.4,85.90681604437151
148.8,147.42065467289405
74.4,73.9467338193754
160.4,160.64412490822895
78.5,77.61335791738173
108.0,107.49830966157846
95.2,97.83348316106085
131.2,129.71595282045394
76.2,76.20413405719653
79.0,78.92698968772041
83.4,83.82852028195201
175.3,175.39301026868864
96.4,96.40993164152795
126.7,127.79462389929382
121.9,121.14932661093277
126.6,127.11815342287599
115.4,115.41633282440515
84.7,84.46600284056292
125.7,126.00234940064216
79.7,80.2673459443848
73.5,73.54934923627042
88.1,87.48430469015247
72.1,72.09437775073843
152.0,152.00648984019824
97.5,98.43054358527863
127.0,112.04966683014013
86.9,85.5280691651188
112.1,111.96540765680497
123.8,125.5987015398745
142.7,142.70466181684233
94.3,94.49093350527497
156.9,156.89453149513227
105.5,105.70425553720543
131.5,130.79053950443677
168.9,168.49061859055203
88.7,88.52287006870348
127.7,127.96758979965662
102.6,102.87592452887301
84.3,84.84083187306061
122.4,123.52676414986523
81.3,81.15297528270787
76.4,76.72613086309224
128.8,128.96403304868363
138.2,138.77569947230066
84.3,84.17921538859412
95.3,95.07167986766103
151.7,150.61276438965916
127.5,126.88977867983091
89.9,89.82646138003645
110.0,110.01605212965649
81.2,81.60915967487975
73.1,72.91342412728392
126.6,125.9805576591803
151.0,152.05035442764955
77.0,77.01897133749884
82.2,81.2836363331014
111.7,111.92946952145695
108.7,108.18772884388743
85.0,85.50223779125696
110.6,111.29961165899334
106.2,106.41269625452024
108.8,108.24263323183759
85.3,85.23412741890502
140.3,139.7779034818111
113.2,112.93167992296426
109.3,109.58564536362748
169.0,168.87421175978827
103.2,103.32679918814259
149.2,148.74525895995015
169.9,170.03919147499266
111.7,111.40445821970202
96.2,95.8936890269048
143.9,143.83936695022922
92.0,92.10321893806106
106.5,107.3431870249253
78.0,78.01264362319394
88.2,87.8078880886122
129.8,129.87128243827436
97.7,98.112881561418
105.8,106.568777024144
105.5,105.47144672444523
91.6,91.49620182309549
157.4,157.29619695852656
110.5,109.90739032215261
108.1,105.44639543613033
133.5,133.16713869369502
85.4,84.7468157788916
143.6,143.01292896909413
92.8,93.49104270996267
125.1,126.40460637942138
70.0,70.06498208146007
119.6,118.92846465066951
104.1,107.16066129196554
92.5,91.82280593267662
106.7,105.85390110821756
84.6,84.13165992278938
93.7,94.00365537073205
162.9,162.08238373462336
142.3,142.445348247395
75.5,75.5623741178251
111.8,111.71436105274056
114.2,113.562340302102
101.6,102.19161366765088
77.6,78.37536819565267
107.3,107.11799226760564
86.0,85.80696279112317
156.2,156.0950857051128
85.3,84.55570314106032
152.0,151.82334353956145
87.0,87.7796238684829
128.5,127.47032026528801
99.7,98.8609376423686
176.2,175.77663103380027
116.9,117.15111882923044
85.0,85.86762840064844
78.3,78.16091591351585
76.2,76.35294808291927
124.8,125.3521116499634
150.7,150.36602279962554
125.5,125.91475259640805
110.6,109.59916538501953
91.5,91.69722298105322
104.1,104.02781465520033
85.8,85.76479660488897
133.4,133.54006204063165
72.8,73.31441438378644
89.5,88.88408398417413
99.3,98.60249574263688
89.8,90.24728318653386
90.8,90.33345185405966
144.3,144.40643129054453
76.6,76.8272122632909
149.8,149.15207724815582
79.2,79.38948963054769
103.7,103.5420148224515
143.8,143.82800757604065
111.4,111.84201819405604
170.0,170.3656491023525
147.0,147.49682145826975
88.6,88.64349289732502
129.7,129.89922515044012
95.5,95.22411463365721
71.6,71.76157003160355
147.9,147.5914808725857
80.9,80.9832985638446
189.5,188.81062051415688
89.1,89.52827889590041
145.8,145.53744535359897
138.4,138.75976772848009
75.2,75.19659876052086
156.8,157.49570637257762
88.2,88.4820528314334
161.2,160.96066020895137
79.7,78.48415002297168
143.6,142.805939812742
119.8,119.53689526655135
144.9,145.4706341160543
106.2,106.181649487093
168.5,168.32473713787127
71.3,71.27274933726024
87.3,86.84837265387227
151.5,150.8128919172523
159.2,158.93830328393065
111.1,110.80813824541806
115.0,115.90395892642208
81.6,81.83080641157014
133.5,133.29916663568292
82.7,83.38049387417999
75.5,74.70470509700102
86.0,85.78116024824843
92.3,91.83404783390334
90.8,90.29733109129691
171.1,172.01757562410134
93.9,93.70744336250907
105.9,105.44605815579438
141.2,141.88038030132302
94.5,94.70645114479144
86.7,85.83187757261321
121.4,121.86792924492332
90.5,90.31728664145821
184.9,184.96479041574824
104.2,105.0478931623338
86.6,86.18285700840494
90.3,89.81008816290273
150.0,150.61178175397927
88.2,87.78175294119677
85.8,85.78911440224093
143.9,145.15271119870965
103.6,103.00622382772997
93.5,94.1831017844485
92.8,92.82855988789044
99.4,99.69821287777265
190.0,190.3466442498539
70.3,70.12192026159752
156.3,156.19058616472668
89.0,88.5761367084383
188.0,187.40584696576923
121.8,122.03901105286131
78.2,77.85274711785357
155.0,155.2869276400644
117.1,117.12274323716409
83.3,82.76024562850233
115.3,116.36096815851717
76.3,76.5434393408795
82.0,82.00388201333499
107.8,108.41577747571705
76.4,77.58333669424366
152.5,151.12380807537232
77.7,77.73703606659953
80.0,79.43251604144292
171.7,172.45382515151283
184.4,183.67952574391757
182.2,183.7648827641232
74.6,73.79265545558161
81.7,82.00315708800609
137.1,137.20646437801483
106.4,106.16692474953085
147.6,146.46225511319392
70.3,71.91047900935206
108.3,108.44744909245075
106.8,109.5441795005894
94.2,94.11027493123339
134.3,132.99923383057308
109.4,109.74074087158739
82.2,82.16549006346803
87.5,87.81402217255796
148.8,150.01672492670082
106.3,106.15383227942559
147.5,147.924375491317
90.2,90.19518308562203
157.6,157.47827850703843
96.9,97.48666600273886
95.3,95.78337253559255
84.7,85.5691096525845
147.8,149.0119131237316
91.3,90.68434248519337
120.1,119.92563873408726
112.1,112.53996929562233
73.3,73.58160109159755
97.7,97.2405632609138
192.6,192.9898798726108
117.2,117.13130222892227
94.4,93.9110151505097
113.2,112.98634341777172
148.3,148.1465106133325
155.1,154.72229062149543
76.3,75.6816819798743
73.3,73.29653856550128
192.0,191.7441818217846
92.4,91.65065320291237
132.8,133.21316360727437
92.0,90.82359314796071
147.9,147.39038182569107
78.1,78.1306720324283
124.0,124.71119712596018
79.7,80.26358085088432
91.8,91.27369085488226
77.8,78.53655412143198
91.1,90.8620756430827
85.2,86.26546216622174
158.1,158.21220010049706
86.7,86.48236482753346
70.0,69.8942074637709
73.9,75.69906588730933
109.7,110.3912196181073
118.8,119.36516847895201
115.3,116.83529570008751
71.6,71.67534805109716
157.7,157.53347876613756
108.3,109.13946361457133
100.6,99.77607128023652
85.1,85.10450645512535
99.7,99.47320200522772
70.2,70.1423350824216
112.7,111.8153663708992
79.6,81.74883545078826
92.6,91.96503389200532
143.3,143.8904673379424
90.8,90.67294864646709
175.7,175.40716160873134
109.2,108.43123563491433
91.5,91.47929451693372
71.2,70.86680247842106
90.6,90.00770097632987
163.7,163.77164146940703
70.0,70.23408992296397
139.7,139.77231140564373
118.8,119.5742711226103
128.3,128.3242164229365
144.0,145.0338655455804
85.7,84.58236004143532
87.1,86.29565955069974
113.8,114.06386108782098
108.6,109.12444194377966
126.7,126.25926214396124
163.0,163.29855311415997
125.6,125.3303183056381
95.8,96.02299719548768
111.7,111.31657332883832
113.4,113.57577904144797
112.4,112.59898823141845
113.1,113.47300064267185
121.3,121.33686114017586
76.1,76.57619568469443
93.6,94.2552490690016
130.9,131.15630876745823
110.8,110.51673985206172
103.2,103.22557186663924
81.4,82.4268647340931
149.2,149.1498517812434
89.4,88.59977730533596
112.4,113.31342162458094
131.2,131.2027840343794
129.3,128.08395767352832
86.2,85.23407313830921
137.7,137.90548234954653
133.6,134.39445774083345
167.7,168.21888776739527
110.9,110.64252554528149
103.1,102.99695795807966
188.2,188.23908683615463
91.0,90.60764977544555
152.7,153.1612857352581
116.2,116.77349646231939
91.5,90.65503637714389
112.8,113.06107023394736
86.2,85.49560444519406
127.5,125.94653524513973
146.3,146.1184335755391
79.2,79.74812673996013
120.6,121.0838964319193
121.2,121.0453835028952
109.7,110.64290839451829
76.5,75.91297052262527
94.7,94.34360525978917
92.8,91.8650385970139
93.9,94.43760413828083
183.1,184.34361647874175
96.9,95.5537242676545
147.0,147.63974746508512
110.6,110.24203406143903
148.8,148.75744153016348
78.0,77.41850550803312
120.4,120.50614660867282
112.6,111.81232293216485
167.4,166.88922447667773
165.1,166.14366002894724
83.6,85.36469536146745
92.6,91.76406162365699
160.8,161.10557546146154
140.1,139.0924379238231
109.6,109.7699145141764
185.1,184.77264077639032
144.9,144.8341544002286
105.1,104.54007459505026
91.1,91.79840644476481
147.1,147.0503033984496
113.9,114.69139191614178
74.3,74.24735308247719
126.6,126.889184175727
111.5,111.54558764489015
71.1,71.32356393447708
87.5,88.4015111060098
87.4,86.00004347745781
147.8,147.44987991158754
177.9,178.067090673059
87.3,86.80488033898267
71.8,71.32496349735851
131.4,131.11990470881963
113.2,112.94143541451831
82.5,82.97498531373465
149.4,149.07553832186278
77.0,77.00765707871605
167.0,167.05007240597803
84.8,84.20427920970668
105.7,104.78685774156195
78.7,78.80171641263226
73.6,74.05882879894104
129.9,130.13136950122137
110.2,110.86633342497102
72.0,71.71340200245172
97.2,93.94670505897567
161.6,161.23275461312858
81.1,82.69111828216381
84.9,83.89662399812735
83.2,82.57111242623088
157.0,156.21969928193744
80.6,80.46747960719452
97.3,97.88327889684568
149.1,147.95897181766557
136.6,137.12601936197018
77.9,77.5022473755534
81.9,84.62886111695352
130.2,129.6450754216389
70.3,70.22928845311309
84.5,84.65418468398092
96.5,96.69371569915079
117.0,116.59970599500467
96.1,95.87325947526043
92.0,93.58359323979636
87.5,89.08789094765653
131.5,131.55367593341313
147.6,148.0759483718164
87.7,88.08812284544963
105.3,105.26352299310959
126.8,126.77940135131936
95.0,94.54014245627454
181.6,181.1950159952562
127.4,127.95968081925703
109.8,110.22447884447762
108.3,108.11801059446653
173.7,173.50095699526665
83.5,83.05645591771531
108.0,107.8793551911276
188.3,187.75362611275676
86.0,85.54014810539697
75.9,76.42896864010044
149.5,150.19890938016414
98.9,98.58708948812914
87.6,87.17008212519671
107.2,106.3762175335487
73.6,72.99979545403005
74.4,74.90725278228952
147.0,148.2794632649548
163.0,161.6289564164944
182.2,181.4560847298473
126.0,127.19067365061235
182.7,182.3111009833733
88.4,89.2630959166798
85.4,85.19559010467502
125.5,125.55454525274806
78.7,79.03151078437654
150.6,150.66120006290464
120.5,120.41752716196918
144.8,145.39344251348325
79.4,79.79980735726105
107.8,108.47039093037733
165.3,164.20425554432995
84.5,84.62784351764871
136.8,137.1898729161727
147.3,148.19675000977335
137.4,137.89105146297985
78.6,78.73561650444162
113.7,113.74936911627039
192.9,192.24027885191936
160.9,161.2843398336542
85.4,85.90780687183977
96.8,97.17736091948505
91.4,91.17070963576873
158.3,158.52579647110528
119.1,121.79905608037856
83.0,81.73398100815801
103.2,102.70076334180084
99.4,98.36295352082658
83.1,84.07346110227938
183.3,183.161336597118
142.5,143.21410221964786
86.8,85.84765555391445
159.0,159.4372732845
110.2,110.83821946105382
85.4,84.75672560809082
125.7,125.04365105896115
163.7,164.24094666790555
87.0,86.48031980730714
184.2,183.11702718623343
136.1,136.67976947873095
99.0,99.47329803077152
146.4,146.82435113160025
146.0,145.8123186394449
90.2,90.00000874777953
70.0,70.03339603556822
85.3,85.4051903297049
146.0,146.12544974530567
102.2,102.09629998114072
141.7,141.0473219020934
114.7,113.59105637145974
111.2,110.27080430917118
79.2,78.62932604322572
83.1,84.17360015190307
130.3,129.6394395915071
133.6,133.37698479210502
77.1,77.3024406472328
102.3,102.45393669545511
108.0,107.40983341588104
147.4,147.39604103003904
126.5,126.34615257994996
164.0,164.11106112342267
94.6,93.17105988122707
92.1,92.07686591177227
114.7,115.30677109120761
131.1,130.55657011404406
147.9,147.65926997341376
70.0,70.47530914756516
95.7,95.31092894870817
102.7,102.1745166637296
102.3,102.39539406959972
90.2,90.39150383140432
116.3,116.51462147605396
90.3,91.91877760322808
139.3,139.4151498628534
94.9,95.69915369218282
136.1,135.7405658674139
85.3,85.30076685407184
87.8,88.39211563669204
168.9,169.48832576617718
75.9,75.51860088414239
117.1,116.55080816361337
112.3,112.36709388067887
145.2,145.13259958548537
184.9,184.31090471105395
125.5,125.48407311726041
85.2,85.13363167008106
89.5,89.68799504670258
116.7,115.87682306601678
96.1,95.49309065727235
92.1,92.28394115394346
178.7,178.5413275881633
132.1,132.54761639934156
77.6,77.55750360864135
129.7,129.5227498547212
71.2,70.6107405938067
142.2,142.5331049580239
97.6,97.18272417678324
110.3,110.51365176310136
113.8,113.49553764000706
106.1,105.82259369763528
112.5,112.75843123451072
78.5,79.10788298343431
91.0,90.62188171029939
143.4,143.2830961619115
76.6,76.89575134024864
147.3,147.87039279819484
70.0,69.94975989577998
94.3,95.0827183511611
73.6,73.99635651071415
92.0,92.18771105445342
107.6,107.19184880101253
109.2,107.96958535868059
93.9,93.60750644770846
97.6,98.09068150945342
96.2,96.32218986161485
121.3,119.85599814458104
70.0,70.24282677369399
84.6,84.15181092319867
129.8,128.8644955983981
133.7,134.44622187087273
144.5,145.4208703835934
87.7,88.1775727118638
120.9,120.49212556323806
149.3,149.64550245425
95.2,94.81983238290096
123.2,122.53561798990705
92.0,92.19892569768405
160.9,160.59138587042548
72.8,70.54407932044211
103.9,104.12573448336502
89.3,88.46764618855961
110.6,110.37522738712076
112.9,112.95151589637037
79.4,78.80223465610922
109.1,109.07299537739658
135.2,135.42018065962466
102.1,103.14355303726565
87.4,87.21731255799374
118.8,119.47401313895439
91.8,91.52423888610329
106.5,107.71675340718157
75.2,75.72091702550767
71.2,71.64913383551712
172.0,172.14161896762937
154.5,153.85707109548844
132.6,133.3668407798392
107.8,108.02805963520038
71.1,70.63623920532756
182.7,182.19951081688237
142.8,142.78542251351487
116.6,116.22385346500167
86.7,86.29042782204098
108.9,109.08521701889026
112.4,111.75044924374112
116.0,115.22354153372858
89.5,89.27539711535938
108.2,107.57726413595918
91.9,91.94308357517508
183.8,183.33860503389855
113.7,114.56810179396096
90.6,91.05298080371865
70.0,70.02218000139148
124.1,124.22306145283356
104.6,103.30495840292559
95.9,96.43148565859951
107.1,106.842775536697
77.8,77.0735445715903
146.5,147.0667348668396
91.1,90.24390439078924
89.9,90.52557335290278
142.6,142.29348652507161
106.0,105.9432495763647
84.9,86.55371263138892
83.4,83.81521454755735
133.2,132.21316560529272
160.7,160.59012411458326
90.8,90.54997621021501
184.3,184.1972374779255
86.5,84.75294323242053
161.2,161.4255152458623
94.3,94.86690463210684
90.4,91.04712038763225
126.7,126.88133788042774
129.5,129.45562138026276
85.8,85.61445251776678
144.4,143.60102801900882
116.4,116.05655224252935
129.3,128.67692594479547
163.5,162.87655755240178
110.4,108.82434735973084
103.7,103.4404464328308
144.3,143.89192941821761
113.4,113.18695733185797
150.4,150.65848995827778
164.9,165.23913993571543
139.5,139.98982906813697
138.3,136.8150495558471
81.1,81.70000531174226
84.0,85.23263561707724
96.6,97.0135436067142
81.6,82.06726845468928
150.9,151.01757663292346
111.2,111.44134849471921
175.5,176.14855286700254
73.5,72.46938234297656
170.1,168.98687097613262
150.1,149.96271188817795
126.0,126.22717815166035
96.3,95.80634375466424
89.6,90.20602330373667
84.0,84.67155175575749
99.0,98.00802353352142
121.1,120.78668682739402
75.6,75.64670472031467
96.0,95.45539318765032
85.9,85.86076721180811
131.9,131.58057411791734
88.9,89.70701627983303
183.1,183.75977516172304
106.5,107.08806640614779
139.5,138.33784101339523
168.6,169.30109539310754
133.0,133.154288224358
83.0,82.70285725780799
176.5,174.8084084025834
85.9,85.87143194803663
95.3,94.20567108009993
88.4,88.50275953428095
76.9,76.77121591272692
146.8,146.1748214931839
93.2,93.63936879811978
86.3,86.6160543257164
190.1,190.1344928772029
76.4,75.15528378687313
93.0,93.36879399398867
121.5,120.64895233240199
78.1,78.3165940151413
178.1,177.97936632634452
133.9,134.19712001115988
115.8,116.44881474724431
112.9,112.80552504007996
144.3,144.20100215501668
97.7,98.399121589191
106.2,106.04348977461714
94.0,93.7847246293406
132.8,133.5096594210358
106.7,106.2379632401246
114.4,114.19442912196877
77.2,77.41844160436469
116.2,116.06583207345729
130.9,131.17481491554565
134.3,133.9925390812729
84.2,84.37166709009075
89.5,89.07337906595043
111.1,110.69202081155171
132.1,133.0351683377976
184.8,183.92572444694866
166.7,166.87629708657175
116.4,116.42991067087492
90.5,89.54539357155245
108.1,108.50804907133679
116.3,116.96324072560331
146.7,147.00840190343592
108.8,110.1338861127394
98.6,98.76862539197715
88.3,88.4330548416955
110.8,110.55145114246179
75.3,75.63407500439467
112.7,112.4203462356607
114.0,113.27578287148455
111.3,111.93926120286201
131.7,132.43448087901723
75.2,74.64439313310046
116.8,115.62422721390283
111.2,110.98232048276695
108.9,108.82067848876366
97.1,96.41258307216704
94.7,94.73273398275829
113.5,113.7703133813289
135.3,136.08893318571847
82.1,82.09628497252767
120.8,121.01930168909128
128.2,128.7871792390663
87.1,86.81346359025264
100.9,100.74193836595141
129.3,129.18280760043845
115.6,115.36998218552442
147.6,147.78076409556988
177.9,177.5124118151993
78.5,78.51792632280977
129.0,128.92048007553143
117.1,117.86724303105878
131.0,130.87746771387472
84.9,85.34541078545195
97.0,98.29829619126824
90.7,89.82788602391662
74.0,74.18933563302572
86.5,86.89462684184429
146.0,144.95540482385036
167.0,165.9029627775039
134.3,134.50883381915824
84.7,86.19738452817995
96.4,96.36038951456803
85.0,83.87748965314886
94.8,94.20006706141251
75.6,76.26267843496404
111.6,111.4308169310408
168.6,167.97647967764544
70.0,70.05571595278958
145.1,145.10615378449603
87.0,87.08695828007066
75.7,75.92494210742943
87.3,88.10395629767987
112.6,113.08208185017995
92.7,92.81194540114727
143.6,143.96576918396627
81.9,81.28353985050182
72.4,72.20553655128455
112.4,112.50750782172231
100.8,98.6266037535411
104.8,105.19343446832389
133.1,132.88267820232792
90.9,90.19783585058593
85.9,85.20219788843612
126.8,127.54854797053108
94.7,94.76947117769693
110.7,110.798797603419
76.5,75.57377275782427
129.6,129.2362213215303
70.7,72.29545456767052
107.2,106.14958363750964
112.4,112.55871653277448
107.1,106.84971778704539
87.7,86.99842951769443
111.2,110.744258539219
131.1,130.87941655073686
118.4,117.92150403940362
87.0,87.54214506038
148.1,147.70532504849234
85.8,85.12895687357869
84.5,84.13516606543237
162.7,162.92849378189965
71.8,71.64827684149955
90.5,89.99058254881811
79.2,79.24681759968374
124.7,125.8396503908588
107.9,108.52418497451423
114.3,114.68647419833381
118.4,119.30273046360118
88.0,87.46692936376189
169.5,171.15071961172055
91.1,89.62302670879882
87.0,87.1107716091257
143.9,144.20842609240577
104.0,103.28146631408316
98.0,96.24623791429221
152.2,152.2809287846768
179.0,178.727224813485
91.7,91.32091906000576
120.7,120.97488784745511
76.0,76.19377207218716
117.0,116.74211286105314
94.3,94.25146328019319
112.3,113.23172652263575
110.3,109.99167318127789
99.4,99.5295376192415
112.8,112.42492936982505
110.2,111.5088166187761
110.9,109.9952828686758
107.9,108.92488498167297
98.8,99.51591292538612
110.8,110.09796818260942
117.1,116.85240577306222
115.3,114.32959217536288
146.7,146.8362234264752
116.1,116.66049136241865
96.7,95.89521598038388
102.1,102.23185081351086
128.4,129.40327774012306
148.6,148.0829271036622
88.1,87.20186400603245
96.6,96.43477007364989
102.1,102.78369445041436
95.5,95.91264291817575
144.1,144.4090647742138
99.2,99.83814864678303
143.7,143.08794432663996
85.0,83.89806912827797
80.9,81.25887021891711
90.2,89.91373965023931
93.9,94.39033030991479
106.0,105.60408225794177
142.1,142.14812998999955
157.5,157.4423252044715
147.0,148.21176419629808
138.2,139.6723360610162
111.9,111.83846054232528
146.6,146.98103101806723
130.5,130.0738333040278
110.3,109.71097686936596
124.0,124.27499944706099
161.5,161.54296329484754
167.0,167.01327057295083
120.2,120.6072853327498
107.6,108.28853325872132
113.3,113.87738107660591
183.6,184.67010976905675
108.5,107.49076999276818
81.2,81.84153811501396
147.8,148.45552212444923
117.7,117.58454583413057
119.0,118.22176303780427
112.2,112.64554349424503
156.4,155.27005609970024
125.3,125.20793449438384
171.8,171.2162125500166
167.0,166.73260905812853
75.7,75.2965288873129
191.1,190.51906643106634
82.9,81.86685252267583
88.1,87.93288644360831
132.8,132.4786711281198
114.0,114.75565541149385
90.5,90.05049867593067
106.8,107.5773758854018
84.8,84.98254239846781
191.2,191.20230073575098
88.5,87.81124895007744
122.9,123.66650373295336
76.8,76.98630323756862
101.7,99.92452880816741
115.9,116.58247994309382
103.8,103.7164184857921
126.7,126.722021140362
85.0,84.98786608151696
107.7,106.33436245519803
149.5,149.92716659211615
95.7,95.66759223309421
86.0,86.29827725758255
133.0,133.35088690665103
107.8,108.0507092639698
132.0,131.301091610744
113.0,113.53493026474733
160.3,161.21549934514448
129.5,129.20546661849076
101.4,101.03523810374575
131.4,132.48683634648734
75.1,76.0355525261644
81.8,81.04824073423418
116.6,117.28497924232828
142.7,141.75113500126042
119.5,119.25675685207126
89.3,89.26098428639895
97.6,97.44981522281263
135.0,133.9195250541461
113.8,113.41708343699966
96.3,95.85785728886174
82.7,82.41079786155206
80.3,78.54739242205753
178.6,179.26991804588556
72.5,73.45598403274968
77.1,76.54718056754805
76.4,75.71663562394085
94.8,94.64278080665504
126.0,127.10960340700208
86.4,86.07709579953784
145.1,144.9597781579456
95.3,94.87474641806647
154.4,153.21507514709583
185.0,184.17810683197843
85.4,85.52427730023629
90.6,90.01813084547578
184.7,185.16981909800506
96.3,97.42874442831923
116.7,116.3539872934375
86.4,86.80294940583923
103.6,103.26961576022411
139.4,139.5617275071944
117.4,116.93782483175049
175.1,175.55764270613648
89.6,90.10125987667335
108.3,108.24262443756442
110.3,110.61368859750566
178.9,179.02408910865375
138.1,138.3388366023291
94.2,93.55516009107222
137.0,136.59955804442367
133.5,133.0661024304275
71.9,72.14816928905901
92.5,91.83012101325787
92.9,92.3364567382677
182.5,182.49246525471779
86.9,86.44294023141795
128.5,128.65499102767242
83.8,84.66981477877624
131.5,131.16660123670897
109.8,110.05462772113955
141.4,141.153396918452
97.8,97.55379363569837
119.8,119.46576249796169
74.3,74.89163344199301
89.5,89.8067083634319
94.9,95.69991544447495
177.3,177.278609313547
84.0,85.80834546904438
70.0,68.93356103587342
73.5,73.15581174760995
144.3,144.81547990890277
120.3,119.22516132440451
179.5,180.07303785712605
115.7,115.28130665079797
171.1,170.5015309821609
128.6,128.16294462843226
85.4,85.5636957387425
118.2,118.43889148495106
79.7,79.77794138012615
95.6,95.3280755395988
83.6,82.36571525052113
111.1,111.33139639915086
84.5,84.28530945654677
108.2,108.66349751621705
95.2,95.3584675926968
129.7,129.25029536725432
136.7,136.04849576237228
177.9,177.9030722347893
136.2,136.04888635955797
161.2,161.86231504141438
150.0,149.98154843580815
86.8,87.2897384159604
115.0,115.027747331988
142.5,142.74033727677397
127.3,125.93878716143755
144.5,144.51889768549182
119.5,119.56686599209436
70.4,70.39607677406849
75.7,74.59659498056416
130.6,131.378793102188
95.5,95.26852066048599
142.7,142.88352383715977
74.7,73.92511804206455
81.5,81.50713545622268
128.3,128.5683340609516
103.0,102.5726369306919
110.4,109.65879392775344
138.3,138.32005710547207
116.3,116.08317201823199
102.1,102.26512596498871
134.5,135.08864963484874
130.8,131.48199519724088
108.2,108.45669288140523
136.3,135.48757526684858
70.0,70.53345581853549
85.2,85.85343260933163
81.9,81.48413080310533
70.1,70.09462430088891
86.4,86.60074481550875
146.7,146.9083417138623
125.6,124.81591632966874
90.5,90.3829354842461
180.2,179.7692736683594
90.5,90.26654620172391
128.9,128.87194940617195
97.9,97.94889777530828
126.4,125.21254047386529
89.1,89.33715894886836
138.2,137.80275911696378
117.7,116.89592675091866
83.3,82.16896895547256
108.6,108.19588577267282
89.0,87.89482724204424
118.7,118.28991115909439
80.1,81.16025498643431
87.4,86.30300102702644
97.4,97.13086008814933
77.9,78.60789303100356
97.0,98.3247702388947
159.3,159.08710882460852
140.8,140.32994131697137
107.3,107.95805419916641
75.6,75.53764731922453
148.2,149.85359613847115
110.7,109.41595363308093
160.7,161.28771505665551
81.0,81.08850900859606
108.2,107.42358090091722
178.4,177.9581852909344
135.9,136.00276633107163
149.4,149.47049992064433
112.8,112.62874106342616
87.6,87.14182458828569
89.9,90.80055648437897
72.3,71.8425409322112
85.1,85.06685922407662
88.6,89.40872167371252
144.1,143.0249289054368
85.0,85.36097248085528
131.6,132.39739517276746
185.5,185.6987006764772
83.6,84.23325106104798
119.9,119.81903119108625
111.1,111.79018476817967
128.3,128.4016547449817
137.1,136.44078031348218
104.1,104.21229217449246
112.4,111.92502156140135
81.7,80.75772107901113
107.8,108.4642615958311
95.3,95.8957231421991
101.7,102.01476013694977
151.6,149.77780235843053
147.5,146.6966371903353
151.8,151.8237636788826
173.4,174.28906822890568
96.2,95.94056689678995
83.8,82.92014433417793
80.5,79.6722100850103
73.5,72.75434041768747
110.5,110.31221568196267
186.7,186.9530877658729
71.9,71.5120971260499
86.9,87.24661023639136
78.9,79.42098961824192
88.0,88.59602538958578
82.2,81.86929255125686
151.1,150.55909641964064
186.2,185.48650483309424
113.3,113.22885936662348
130.5,130.5944317491493
75.4,75.74719486349625
118.8,118.83252918515502
151.8,151.13005653838658
98.0,98.23213270243807
116.2,116.36416169413617
85.9,85.34005343025653
130.3,130.45943799939167
101.7,102.07582195174882
112.4,112.4982912980947
109.6,108.74231996018374
109.0,109.04558293034766
147.0,146.84073106387137
173.4,173.65478199128287
87.2,86.97600675946089
148.5,147.5981417186195
81.3,81.73573535134739
132.8,133.13714305908056
89.9,89.07262926938964
79.7,79.30004980072981
179.2,178.40418282033806
108.1,107.34924591623876
118.0,118.39603879355738
96.4,97.12560439735438
85.9,85.22885112548138
138.7,137.44666771624114
70.0,70.05041039994747
149.9,150.65275857437865
116.2,115.90353283735125
85.7,85.59980252057196
80.2,79.31983695785209
116.2,115.78146386880803
120.4,120.14530918386103
70.0,72.93357240884549
127.8,127.30305629639585
110.0,110.29840852364212
85.6,85.77788604186046
94.7,95.22317600267215
79.7,79.33384887840921
146.5,145.3762560203886
105.7,106.2526852348461
183.4,184.39959142594438
85.1,84.90448945144207
81.3,80.56055511318988
70.4,71.58773969704217
116.5,116.70460924940551
86.4,85.27598389351387
118.0,117.72083946828546
151.0,150.75703831568558
131.8,132.2787467880315
94.8,93.85979614988292
79.2,78.70327492433526
83.9,84.26818090012678
89.0,87.53533548901729
111.0,109.54597019426987
186.4,187.1472738554982
110.3,111.34853253641003
77.2,77.4413500143726
108.9,108.32505109610406
81.8,82.16185064001078
116.9,116.55301411160605
75.4,75.66757012576025
97.3,99.04087981300131
143.5,143.66456127745022
111.4,110.87102256778611
147.4,147.83205732971805
102.3,102.91884918142168
118.9,118.93976594907764
77.9,77.51115736145678
103.2,103.3009841427236
133.6,133.56459399496651
109.2,108.07972917936239
160.9,160.0984746007217
86.5,86.5244581479904
93.2,93.59526319837421
138.7,139.34218361026473
117.0,116.69320740388831
130.8,130.72710466028133
113.8,113.38090100986271
107.1,107.63460504076824
88.5,88.11835515769897
105.4,106.06249997715571
78.4,79.37298363956188
104.9,104.88232045832785
84.4,83.60670676070967
178.4,178.02432810083994
113.6,113.98066505358683
79.3,80.40996033250775
84.1,82.86774467381578
92.6,92.51194466890041
87.4,87.07540178924108
136.0,135.69469234351118
121.1,120.84324727735834
145.7,145.82727129021393
104.6,105.36546599847178
106.3,106.96722871168193
97.2,96.95247153169502
114.2,114.71150106417548
140.8,140.92180409237895
109.7,110.03019800078103
110.6,110.99963794839312
168.5,168.74139740319634
106.0,106.14860499255215
191.8,191.85584039856553
76.8,76.97607430540981
129.1,128.63137924743808
148.5,148.61090713196796
112.5,112.86209992153161
75.7,75.8381948662611
74.9,74.60697565672024
168.2,169.87066402161022
87.6,87.19589381837562
140.6,140.8490422195965
71.9,71.46249425943726
116.0,115.55047937843902
91.8,92.48563306532154
107.1,107.20825817156526
133.9,133.03972230086313
188.9,187.8275274649092
103.4,103.34693839469448
97.5,97.36522229568439
87.4,87.0876685976778
90.1,89.60413995544063
94.3,94.72992158945249
108.6,109.37840192454222
85.3,85.21080354951229
129.1,128.4722288656242
84.6,85.4948707323902
135.1,135.1308785881307
94.4,93.90940422764093
132.8,132.24680600709678
141.4,141.4910038755794
78.7,78.4706865901523
113.7,113.24710485337502
79.0,78.74751424037626
73.6,72.31017541693036
147.7,147.68260568645294
100.7,101.13376913169667
112.5,113.97354916192997
134.5,135.069135000394
113.2,112.8848119676659
71.3,70.53786415712693
75.2,74.68366565005336
130.4,130.7560529474138
117.4,116.58491677591743
95.1,94.35622482938413
86.1,85.64032065725691
118.3,117.64480111016815
110.5,110.46787742110658
72.7,72.23103761220985
75.9,75.15290117788277
90.8,90.51135491296787
81.0,79.22814993142255
95.0,95.41353633348491
110.9,112.00359342597169
108.9,107.99730591936496
80.0,79.61346447886324
88.9,88.52366494795848
113.3,113.64516447216155
93.1,93.61501754736233
169.1,169.6880585388668
113.0,112.80461174521054
73.4,73.01945894027045
126.4,127.02195849024923
81.4,79.98559402588242
87.5,87.23148594648168
113.7,113.81199662072521
84.7,84.92512924041489
149.7,149.9997805083646
85.0,85.16882062127509
101.1,101.14113603116684
78.5,78.74292586318008
163.4,163.42050782516222
118.6,119.77097877904953
79.1,78.30486626552948
108.5,109.10886301314527
89.3,89.02037911806099
126.8,126.95626799408777
125.9,125.31150046681009
182.4,182.61383142045554
86.0,85.714071389434
84.2,85.39066943303976
180.3,179.93003058913797
79.1,79.16894510632712
120.8,120.33796319712086
144.9,144.89204727926267
83.8,84.51579162804819
81.7,81.85086614209973
103.9,104.93267726665376
169.5,169.046332633739
83.9,84.52310453376808
75.0,74.47138951002566
105.8,106.09229488201693
107.5,109.0790339448671
90.5,90.85287167854506
190.0,188.82319035631747
149.6,150.66541385225042
74.0,74.43371913690873
83.3,83.42907584644307
137.2,136.5330636891487
88.6,87.87981767901559
132.4,132.37509339960832
120.7,120.40390389444154
75.3,74.46744521988352
166.5,166.5522708640555
177.1,177.0156494793331
71.9,72.23557563171852
166.8,167.03246818697357
89.8,90.11544842238587
86.3,86.6510012382537
110.1,110.3811887419071
77.9,77.95849859932326
127.3,126.5033371821963
107.6,107.15184555613601
133.5,133.48417730534214
106.5,105.95933989688464
102.2,102.53858328104266
181.9,181.57131082775487
145.3,145.35988014280673
93.6,94.26037915679494
85.3,85.15043876602336
90.2,91.16947484829704
75.5,76.34979902918991
119.7,119.61985301113494
97.1,97.23601869347344
115.1,115.84175419994236
143.5,144.2715388624105
166.9,167.48606067906974
144.8,146.0523009325541
131.4,131.0237039341561
81.5,82.83453948126167
84.6,84.2675598333169
135.3,134.63145051069307
169.1,169.73087621611177
180.8,179.5129764576131
100.6,100.29438683569835
114.1,113.95609324526623
83.9,83.6711733091494
97.9,96.70693467451937
120.9,121.5940311216807
125.0,126.17943990164795
111.9,113.46243361045235
111.3,111.59466140819849
109.1,108.35880742534344
132.5,132.2056173801389
126.7,126.98093678020203
123.4,122.99059497807875
177.7,178.02627257941634
142.5,142.80923675046552
105.7,106.26049346711372
110.2,109.4553593105308
120.7,121.19693152114702
74.5,74.54535452726978
87.2,86.49951146912633
93.5,93.54754758639983
132.8,133.20424544951933
139.0,139.78041823999442
96.9,97.22277038937035
147.2,147.4228020724385
84.6,85.09963151976565
182.7,181.6743654218708
95.3,95.44455501297367
86.6,86.53794739900599
89.6,89.50059708109563
182.2,182.61606491715878
126.2,125.72635317111687
128.1,128.72801759788544
177.8,180.4088296245166
107.9,106.63518244414651
70.2,70.20573964379597
85.5,84.91644435899806
143.6,145.0693071474644
112.7,113.31925811173802
109.2,108.80820885374612
78.0,77.6106767913904
77.5,78.17161934036244
165.3,164.8065104770165
70.0,70.02998696877441
85.5,85.76433518687035
70.9,71.26263318331021
136.5,135.7410270709488
82.1,81.70496714151788
83.8,85.55635943678713
76.7,77.97319384991964
141.3,141.25221016108125
112.2,110.82832249127917
89.2,90.01161004325233
85.3,85.84093301910755
101.9,106.39569922189739
73.9,73.75969290476465
132.3,133.34788314772732
103.8,104.18005183021614
110.3,110.43542811573566
137.9,138.027803980403
110.8,111.13490279358956
103.9,104.39042944927066
85.5,84.98064227155115
145.0,145.1125053404778
174.8,174.84746654253308
114.1,114.18666533880466
103.9,104.43410376689431
103.0,103.31922097998391
157.5,156.57579606629213
73.7,73.2262246188142
90.7,91.26117714229171
135.7,136.20872201475993
85.6,85.43436558369014
103.1,104.00049310759479
79.6,78.9119132115461
108.4,108.85261678092021
147.2,147.37443114697703
117.3,116.73310458253977
89.3,88.5153404897613
118.1,118.52135328939906
160.4,158.95580077308466
116.0,116.62120350474527
87.9,88.80631610356141
179.2,178.80466202594783
126.5,127.29725557941732
147.4,147.8193686226428
72.6,72.69126015720923
147.9,147.59049414404103
117.5,117.84568395871837
116.4,116.47791273410903
167.3,167.61082284638044
110.4,111.7212360328935
109.6,109.21359488227564
109.3,110.04269326019235
116.3,115.85594285897473
81.9,83.15240576116364
128.9,128.4759082279234
148.4,148.78010655291456
74.0,73.63643191639613
123.4,123.32662206425225
170.3,170.21481678045228
78.4,79.5662545517913
92.2,91.7579376785615
150.2,150.1887513222635
79.2,79.46198214987142
94.2,93.37647070825417
139.9,139.472195969101
98.6,98.57459861097209
102.5,102.9246059595123
86.0,85.06992739338897
93.6,92.82243292676212
83.5,83.98037982560848
104.9,104.80949579610099
82.2,82.769989658015
106.9,106.4579187041189
107.5,107.57386986938138
90.4,91.38099812331824
108.6,109.30087968367991
142.6,142.24541634665496
80.9,80.52678868676497
128.3,129.0728033545363
90.2,90.40816081425587
100.6,101.11149949370554
136.5,135.7401492822679
95.5,94.67912888696311
88.8,88.69247831860497
94.1,94.55848115274932
138.6,140.09533242067798
105.3,104.31354597335753
82.9,82.12026668799679
108.1,108.27469379448692
126.2,126.361839624492
127.5,127.73854161409741
110.1,109.54015793362566
86.5,86.682930570788
159.7,158.4814334737402
70.9,69.851796113674
88.2,88.19510276562715
124.0,123.28717680279632
77.8,77.6385987863381
81.5,81.98392972395575
79.0,79.30613617962749
148.7,148.78932356754075
96.8,96.89723919887089
90.3,92.42293088085043
147.9,146.95354633090867
128.0,127.82587781286563
78.4,79.6654900083289
141.9,140.31066822911663
107.8,108.15902578765882
113.7,113.50996651205446
79.3,79.54412868607204
98.9,98.53436614412945
91.5,92.15777570655047
171.9,171.3382665097578
108.2,108.09555521037407
121.3,120.70104320927746
111.5,111.22373577056868
128.2,126.844075841429
178.6,179.5796291276696
138.5,138.30355637198997
178.5,178.36325616923776
107.5,107.73103559313309
114.1,114.74983088427075
129.1,130.65006760503513
134.6,134.76774357275292
167.5,167.22850806517474
75.5,76.16134984515566
175.1,174.9408971653321
78.3,78.28549718905987
135.8,136.31187716667048
119.6,120.10135262832054
90.4,90.1368140755289
80.9,81.49225858060056
87.2,86.98644995784373
92.7,93.05451647364139
81.7,82.88037666966714
111.4,111.58638038860427
130.4,130.2807768375818
74.1,73.60416627366871
110.1,110.93618629812958
145.5,145.82655688121224
109.8,109.73947052638577
108.0,108.12469841301193
147.3,146.89196368089205
118.5,119.23747818920052
165.7,166.69118530095164
70.5,70.67140519842584
102.7,104.50899887265426
85.3,85.20062407707442
86.7,85.32857822221565
158.0,158.31417440465452
106.5,105.96856920295413
82.6,82.34071851586086
86.0,85.72285619201361
75.7,75.86501130091749
106.5,107.82530276403715
150.4,150.0353020162096
87.1,86.56680037055114
120.8,121.30991439865146
95.6,95.45974936716635
180.8,181.5300272448838
92.3,92.71500728027237
94.7,93.7420171448267
150.4,150.4632564354005
148.7,148.45429270933363
181.7,182.0548308371972
76.1,75.90785807253278
85.4,86.06950396247532
87.5,87.82896371568324
162.8,161.95291376441705
95.3,95.98539872401545
121.5,121.71955421178927
112.7,113.22093311628218
103.4,103.31209018499835
70.0,70.20711544326193
85.0,84.85168327842572
109.0,108.32095696282656
177.8,178.18864508759378
120.2,119.62083187633797
91.6,92.19576208563554
112.4,112.5268990174453
130.2,130.79379362008444
125.1,124.63510627611251
178.8,179.06235119697746
81.8,81.17868185966381
157.5,158.12113853487514
71.3,71.09547128811712
128.6,128.90117116756792
120.7,121.34316467150434
175.9,176.11035598510114
114.2,114.54850188394857
116.2,117.13261672646736
84.0,84.0300309987234
74.6,74.64509650901962
168.1,167.7386991614734
107.2,108.32380131567126
142.2,142.96904141498146
70.0,73.11511906463602
74.0,73.36883555600582
106.5,106.72534656884292
130.7,130.87168740095254
109.4,109.15282661071305
75.8,76.00198918712992
170.3,170.72190944266166
89.0,89.51194349017419
116.1,116.60892083703538
85.0,85.37263099884058
120.2,121.16758722069872
77.2,76.76505500366014
81.3,81.34481535024699
79.3,80.07682404029916
147.8,147.23848630103956
101.5,102.94007795505564
171.8,171.62534627368973
96.9,96.68408604088381
85.3,85.88848787853698
97.4,97.48013350895845
132.0,130.452381823577
94.8,96.14954790462842
87.0,85.82148617478951
83.1,82.55568572301124
134.3,133.92733183727992
89.4,89.14647988479673
176.2,176.115052968288
183.5,183.3534711829293
79.4,80.12305436572369
117.7,116.91957409896685
184.1,184.37288270493244
95.1,94.73346184242143
182.2,182.3622981105949
155.7,156.01776324133397
123.8,123.98289131330185
106.1,106.31028739193935
87.2,86.62383977770452
142.1,141.81180433882912
107.8,107.70267451163161
112.8,112.84560680819834
70.1,69.96367013397445
91.2,91.48943266165472
147.4,147.30069571852061
131.1,130.78911160656807
112.5,112.50818171730748
110.1,109.79855091151194
179.4,178.73483490772335
80.5,80.34059288686112
88.8,88.27910658251608
152.0,151.3439369385078
81.5,80.54423589111605
129.5,129.78211363444035
87.1,86.66626576688373
112.0,112.10346088467645
73.0,72.65075269846449
191.1,192.50382176526102
78.8,78.93172586606485
